subject,total,aprobados,tasa_aprobacion
Math,395,265,67.08860759493672
Portuguese,649,549,84.59167950693374
